Time_hr,Target_Q,Q,WHP,FLP,BHP,Choke,Why
0,100.0,101.00210983551735,262.88901058908425,184.3008303168434,3098.3709818364173,34.214277967431016,held at setpoint 34.2%
1,100.0,98.78002175672401,264.7101558554542,185.04470917064586,3108.578095572947,34.214277967431016,held at setpoint 34.2%
2,100.0,99.34391175464754,262.12106112724484,184.05123128820856,3098.7186936078474,34.214277967431016,held at setpoint 34.2%
3,100.0,101.29316632358746,263.5410778016157,184.69742728746962,3104.574105701792,34.214277967431016,held at setpoint 34.2%
4,100.0,98.10531840686265,265.0971392832126,184.03869100561815,3107.183155832189,34.214277967431016,held at setpoint 34.2%
5,100.0,103.71228822780489,260.24264264922186,183.87345783631113,3099.263832559942,34.214277967431016,held at setpoint 34.2%
6,100.0,100.53398665071776,261.31615396113483,184.88949747141461,3105.960082026836,34.214277967431016,held at setpoint 34.2%
7,100.0,100.6188870109197,260.45163816070584,185.6540896977916,3121.9507475744567,34.214277967431016,held at setpoint 34.2%
8,100.0,101.03744919995205,262.5891993362154,184.56157576950923,3079.1189873885864,34.214277967431016,held at setpoint 34.2%
9,100.0,101.09943399372659,265.44677883415716,185.6573211613381,3075.467474396999,34.214277967431016,held at setpoint 34.2%
10,100.0,99.68054234395548,263.3853788821306,184.6742241957563,3115.2989863438665,34.214277967431016,held at setpoint 34.2%
11,100.0,97.60672971236707,262.59608027909127,185.60998540024505,3114.506983920896,34.214277967431016,held at setpoint 34.2%
12,100.0,100.61671707856894,264.8719873988229,185.5446112963917,3093.5824047444794,34.214277967431016,held at setpoint 34.2%
13,100.0,102.3854592083066,262.8683211841155,183.6795486607663,3108.1905990535392,34.214277967431016,held at setpoint 34.2%
14,100.0,103.20464797432432,264.74862330871235,185.95837510619864,3105.3061690986815,34.214277967431016,held at setpoint 34.2%
15,100.0,96.47297428897159,264.39030772494505,185.23012609596714,3076.5170100018454,34.214277967431016,held at setpoint 34.2%
16,100.0,99.32521992406608,262.3882247291335,186.01369511742647,3103.792343723023,34.214277967431016,held at setpoint 34.2%
17,100.0,100.81976968503928,263.8289629145321,183.94188047361237,3082.4467342015505,34.214277967431016,held at setpoint 34.2%
18,100.0,100.44056893105775,263.14081847532526,185.0811657850169,3100.0173608341693,34.214277967431016,held at setpoint 34.2%
19,100.0,99.56532894520097,264.2300580657036,185.25988007021564,3094.997381239264,34.214277967431016,held at setpoint 34.2%
20,100.0,97.36239868498535,260.1927902341995,183.8441919549138,3099.2515399087674,34.214277967431016,held at setpoint 34.2%
21,100.0,101.78417781311002,262.97832972136376,185.6807860504359,3111.961374598503,34.214277967431016,held at setpoint 34.2%
22,100.0,104.09453609396007,263.8858931974453,186.38942970635668,3102.2175979414233,34.214277967431016,held at setpoint 34.2%
23,100.0,98.4021448115345,260.6027591063981,185.35127875993206,3108.306261519885,34.214277967431016,held at setpoint 34.2%
24,100.0,104.23547967051985,262.65960786066495,185.51856655695047,3097.7742203454914,34.214277967431016,held at setpoint 34.2%
25,100.0,96.62493720857427,263.9985173199593,184.81450651415736,3085.673532370426,34.214277967431016,held at setpoint 34.2%
26,100.0,103.0057144218174,262.7253225332377,185.50012260385705,3095.328264502988,34.214277967431016,held at setpoint 34.2%
27,100.0,99.22346095484401,263.3019089452779,185.78123955540417,3090.596860064738,34.214277967431016,held at setpoint 34.2%
28,100.0,97.75272468767446,265.8232712849287,185.4745247481331,3087.420642578629,34.214277967431016,held at setpoint 34.2%
29,100.0,100.20640385325979,261.50882973486483,185.0369891486713,3105.1711563914737,34.214277967431016,held at setpoint 34.2%
30,100.0,97.31184734319753,264.63035458629247,185.7938808499314,3093.339715002967,34.214277967431016,held at setpoint 34.2%
31,100.0,100.51184683257334,263.08940320198406,184.70684553385627,3076.9233534872947,34.214277967431016,held at setpoint 34.2%
32,100.0,102.9154064000095,262.65548193270513,185.210393548114,3092.807856959333,34.214277967431016,held at setpoint 34.2%
33,100.0,101.06707113029698,264.24535414135323,184.20794785559687,3098.232366543669,34.214277967431016,held at setpoint 34.2%
34,100.0,99.92594498888465,262.3832826546275,186.21826044049217,3105.921454244062,34.214277967431016,held at setpoint 34.2%
35,100.0,98.92794668406388,263.1294456135586,184.2170234125291,3082.225402847433,34.214277967431016,held at setpoint 34.2%
36,100.0,98.80522086453118,264.22939211706864,183.86511076513784,3078.4743189782494,34.214277967431016,held at setpoint 34.2%
37,100.0,100.80305804312268,262.5936703367659,186.15947482266955,3083.009934217272,34.214277967431016,held at setpoint 34.2%
38,100.0,99.5857521453278,262.52180500453625,183.08616951886816,3095.6291041071127,34.214277967431016,held at setpoint 34.2%
39,100.0,101.4442770521365,264.74342462877485,184.93010443495427,3098.3411775840545,34.214277967431016,held at setpoint 34.2%
40,100.0,100.10757434024315,263.3964470298203,184.39829935434724,3089.5727186224444,34.214277967431016,held at setpoint 34.2%
41,100.0,98.86656355457858,264.2871582584604,184.50819707642668,3080.181955103594,34.214277967431016,held at setpoint 34.2%
42,100.0,100.18113578558628,263.4418762937275,183.62821096467113,3079.436168376578,34.214277967431016,held at setpoint 34.2%
43,100.0,99.4290683044136,264.0065454729581,185.54515221013733,3097.509701445917,34.214277967431016,held at setpoint 34.2%
44,100.0,99.9311539760184,262.44347924254043,183.8443006284444,3090.159370425081,34.214277967431016,held at setpoint 34.2%
45,100.0,99.6919258060319,264.0503681626966,185.95282417505865,3108.5247420180494,34.214277967431016,held at setpoint 34.2%
46,100.0,98.96014756640258,264.2279084466222,183.65293505404702,3098.540639545709,34.214277967431016,held at setpoint 34.2%
47,100.0,98.42755482093449,263.33972994248956,184.13665711741768,3103.226291269366,34.214277967431016,held at setpoint 34.2%
48,100.0,101.21233501113691,264.66623749066275,184.97010303711988,3090.9997993809525,34.214277967431016,held at setpoint 34.2%
49,100.0,98.61160920768599,262.8968936541371,186.27935945692235,3068.069119258317,34.214277967431016,held at setpoint 34.2%
50,100.0,100.45182552832404,265.0703163773623,186.02776478320726,3092.8707138351683,34.214277967431016,held at setpoint 34.2%
51,100.0,100.3735616889786,265.2506181640617,184.8420771495783,3085.2577255393885,34.214277967431016,held at setpoint 34.2%
52,100.0,97.69855417130975,263.9161966794795,184.8188068627872,3085.186554272196,34.214277967431016,held at setpoint 34.2%
53,100.0,96.78303170464851,261.99336063880855,184.9607430959156,3072.502419411064,34.214277967431016,held at setpoint 34.2%
54,100.0,101.35487288599896,266.17264112231646,185.05599376112792,3088.4420115292373,34.214277967431016,held at setpoint 34.2%
55,100.0,99.62627614900389,262.89000282182246,183.80755011763011,3088.6282200017918,34.214277967431016,held at setpoint 34.2%
56,100.0,98.1884505242684,262.7802194987293,184.52639757445928,3070.1411914533246,34.214277967431016,held at setpoint 34.2%
57,100.0,99.09128370677567,263.2273956221061,185.90550527119115,3081.397274587937,34.214277967431016,held at setpoint 34.2%
58,100.0,102.18571120866251,263.782781994397,185.09882745612362,3085.6826890432935,34.214277967431016,held at setpoint 34.2%
59,100.0,99.6873315676847,264.50571897040425,185.09222001253164,3081.4482267516655,34.214277967431016,held at setpoint 34.2%
60,100.0,102.93634493795739,262.26454315840346,184.13666983212417,3079.1111599766914,34.214277967431016,held at setpoint 34.2%
61,100.0,100.59885039391736,262.9413359312447,185.75055373597039,3082.7735846142878,34.214277967431016,held at setpoint 34.2%
62,100.0,100.7134204640694,261.7241940597117,186.43100051915667,3079.880393360476,34.214277967431016,held at setpoint 34.2%
63,100.0,98.80165355121203,265.10874280479334,184.99467780879402,3071.551976371461,34.214277967431016,held at setpoint 34.2%
64,100.0,98.488160399564,263.3943236813773,184.47215581900298,3068.592389724227,34.214277967431016,held at setpoint 34.2%
65,100.0,100.07557558854135,263.1148120750154,184.55098998833273,3087.1468014429656,34.214277967431016,held at setpoint 34.2%
66,100.0,102.52494363065014,265.2356081976897,184.70768174982533,3072.2911562199038,34.214277967431016,held at setpoint 34.2%
67,100.0,97.78996773431433,263.08354206579224,184.2029852978364,3078.6858170731475,34.214277967431016,held at setpoint 34.2%
68,100.0,99.80707601783696,264.2219255119386,184.98663126230684,3080.9576565505263,34.214277967431016,held at setpoint 34.2%
69,100.0,101.1752921401989,260.34856121074597,184.15951232106318,3078.409077920916,34.214277967431016,held at setpoint 34.2%
70,100.0,100.23923415270075,263.67069249653787,184.6060257455774,3082.5446620661182,34.214277967431016,held at setpoint 34.2%
71,100.0,99.52145595086867,263.09693278433303,184.47991107796162,3081.772523046549,34.214277967431016,held at setpoint 34.2%
72,100.0,101.49210930593527,263.3600577583368,185.34318439943038,3053.9910415277645,34.214277967431016,held at setpoint 34.2%
73,100.0,101.7281266995563,260.90117796624025,184.5173070502333,3049.8500847669156,34.214277967431016,held at setpoint 34.2%
74,100.0,99.29785819825855,262.58680042604635,186.75475389393614,3061.873518123429,34.214277967431016,held at setpoint 34.2%
75,100.0,96.02964870672065,263.5572090729081,184.73393581567956,3084.288588899187,34.214277967431016,held at setpoint 34.2%
76,100.0,101.45263476237578,261.1965770001786,184.70361906612013,3069.039177507663,34.214277967431016,held at setpoint 34.2%
77,100.0,100.35700051929572,262.9783636763496,184.91124054167915,3074.439036214633,34.214277967431016,held at setpoint 34.2%
78,100.0,97.36199669274274,262.1625997737739,186.2132337548026,3083.9244358739925,34.214277967431016,held at setpoint 34.2%
79,100.0,100.60880767843373,264.1991634995206,185.95307565124864,3086.0322991776707,34.214277967431016,held at setpoint 34.2%
80,100.0,100.226269511651,262.6890051973513,186.13758873855107,3068.435559944716,34.214277967431016,held at setpoint 34.2%
81,100.0,98.98555560598746,264.27820148598295,184.9445241857737,3069.9350457699875,34.214277967431016,held at setpoint 34.2%
82,100.0,100.21650532969933,264.51323635131604,185.2169253408607,3071.430317361791,34.214277967431016,held at setpoint 34.2%
83,100.0,98.14495585182492,261.7070399242334,184.11168211821197,3063.256209166938,34.214277967431016,held at setpoint 34.2%
84,100.0,102.16955038049893,262.79319197191387,184.72212394823595,3089.7053396394617,34.214277967431016,held at setpoint 34.2%
85,100.0,100.976280540956,263.06368711896806,185.71284727570423,3070.2720638985124,34.214277967431016,held at setpoint 34.2%
86,100.0,102.84510341831623,264.5431499698478,184.45571597038284,3081.542515596163,34.214277967431016,held at setpoint 34.2%
87,100.0,98.75383525846588,266.291739195093,185.71326723054804,3049.3713254760632,34.214277967431016,held at setpoint 34.2%
88,100.0,104.23452224587365,262.8856783188413,183.3193010399265,3089.3553271935343,34.214277967431016,held at setpoint 34.2%
89,100.0,99.37186380564059,263.6341059319788,185.09000626222485,3069.956185195814,34.214277967431016,held at setpoint 34.2%
90,100.0,101.65881823546411,261.52681911823373,187.5845865339722,3075.454707331628,34.214277967431016,held at setpoint 34.2%
91,100.0,100.73922902225533,264.65551527706447,185.40595399588696,3076.415414658591,34.214277967431016,held at setpoint 34.2%
92,100.0,101.73152261980528,264.87982443252577,185.70912018671493,3065.8101636711162,34.214277967431016,held at setpoint 34.2%
93,100.0,101.02164276180376,263.2368385406473,185.67191613065575,3052.078792182763,34.214277967431016,held at setpoint 34.2%
94,100.0,98.21057127775686,264.80309635067067,183.79370518286666,3068.3869866852137,34.214277967431016,held at setpoint 34.2%
95,100.0,101.53224356702576,260.5852165410858,185.25506344423732,3079.972703440796,34.214277967431016,held at setpoint 34.2%
96,100.0,99.39748823928342,265.52781987545666,184.05765902281618,3039.854094416361,34.214277967431016,held at setpoint 34.2%
97,100.0,98.72122405587021,262.2918521800466,185.76727102541102,3058.587859529274,34.214277967431016,held at setpoint 34.2%
98,100.0,99.02208951353309,262.3887049103849,186.10926832931358,3041.308923154582,34.214277967431016,held at setpoint 34.2%
99,100.0,97.86755015159203,262.55838675083714,184.90523950136364,3067.166024993377,34.214277967431016,held at setpoint 34.2%
100,100.0,101.93890168873021,262.39203789734654,185.40743112088285,3048.8610640111197,34.214277967431016,held at setpoint 34.2%
101,100.0,104.42359055977458,263.3665240927611,183.72834910735605,3070.5013939904743,34.214277967431016,held at setpoint 34.2%
102,100.0,100.44795540810948,264.9857687462237,185.81570210224646,3041.6541793531273,34.214277967431016,held at setpoint 34.2%
103,100.0,101.38064543908942,262.9120273142956,184.59156712107995,3059.1827412278294,34.214277967431016,held at setpoint 34.2%
104,100.0,100.02116420793807,263.71405928787,185.97260837191305,3059.40186526052,34.214277967431016,held at setpoint 34.2%
105,100.0,100.80942139374517,265.45215186060466,184.93462162231125,3063.3063803912105,34.214277967431016,held at setpoint 34.2%
106,100.0,100.59145363329583,265.1324441296656,184.34556274872077,3061.4953312250814,34.214277967431016,held at setpoint 34.2%
107,100.0,102.130562978403,263.99868161860786,185.71627563814252,3057.759849211841,34.214277967431016,held at setpoint 34.2%
108,100.0,101.3945895147284,263.51079218269666,185.95761567410935,3057.9510812160897,34.214277967431016,held at setpoint 34.2%
109,100.0,99.83846636941618,263.76476077994397,184.8443401026377,3084.825192752932,34.214277967431016,held at setpoint 34.2%
110,100.0,101.55894833487754,263.9113853996725,184.99696243962944,3066.0237485656785,34.214277967431016,held at setpoint 34.2%
111,100.0,99.79934509184919,263.1689979435027,184.70613939700783,3053.1306349813567,34.214277967431016,held at setpoint 34.2%
112,100.0,100.01547392962519,262.3104531912492,185.4390278970317,3044.7795509905886,34.214277967431016,held at setpoint 34.2%
113,100.0,101.27653188189772,265.081582549311,184.58354975716878,3049.9202561558236,34.214277967431016,held at setpoint 34.2%
114,100.0,102.0534790719358,262.8221760289326,185.2307295785886,3054.0426223740997,34.214277967431016,held at setpoint 34.2%
115,100.0,100.14968139925705,262.57767180854944,185.70504642752837,3055.156862471207,34.214277967431016,held at setpoint 34.2%
116,100.0,99.82927376442551,263.20769858089363,184.15575077594144,3059.4969087112004,34.214277967431016,held at setpoint 34.2%
117,100.0,101.19556045626722,265.5710032033859,184.48936939118528,3071.1384079157137,34.214277967431016,held at setpoint 34.2%
118,100.0,100.60731684109936,265.28125010881934,183.6960413703563,3055.2099933812265,34.214277967431016,held at setpoint 34.2%
119,100.0,101.36231612467587,261.5674274164333,185.5224767208733,3061.976957650603,34.214277967431016,held at setpoint 34.2%
120,100.0,99.03132590563085,264.80321623110035,185.4881822831493,3061.559300616735,34.214277967431016,held at setpoint 34.2%
121,100.0,99.8400743196863,262.1067793687174,184.6595998893178,3052.668102059463,34.214277967431016,held at setpoint 34.2%
122,100.0,96.97128404262548,264.0460427583487,185.10378183105618,3048.9289418512267,34.214277967431016,held at setpoint 34.2%
123,100.0,95.8204969080438,262.13093530303905,184.8091325650325,3044.408227560275,34.214277967431016,held at setpoint 34.2%
124,100.0,100.86526055815504,262.32072980143136,184.37580014822314,3057.322006354931,34.214277967431016,held at setpoint 34.2%
125,100.0,101.30363630625716,263.1126930143998,184.52131199865653,3030.244342814234,34.214277967431016,held at setpoint 34.2%
126,100.0,100.99590344103369,262.82190337295464,186.49237272169063,3041.2046030903607,34.214277967431016,held at setpoint 34.2%
127,100.0,100.33545513198817,262.6317092759066,185.33471152880128,3074.63982924692,34.214277967431016,held at setpoint 34.2%
128,100.0,99.81780780546931,262.3374694379456,185.42819530804772,3050.0011815791177,34.214277967431016,held at setpoint 34.2%
129,100.0,97.65655540773447,264.7533808877299,184.18652977738637,3056.1489103631307,34.214277967431016,held at setpoint 34.2%
130,100.0,100.52626440583228,262.84510145358354,185.39587545571194,3039.85251029655,34.214277967431016,held at setpoint 34.2%
131,100.0,98.20128654202989,262.74069791288997,184.99621781927496,3033.149154458166,34.214277967431016,held at setpoint 34.2%
132,100.0,100.33311579213435,262.04305251916077,185.57745868239485,3044.3394765423436,34.214277967431016,held at setpoint 34.2%
133,100.0,99.72823477974555,260.37930332712284,185.29037518775414,3023.0239780720335,34.214277967431016,held at setpoint 34.2%
134,100.0,99.20456617891426,261.5478302303491,186.31708243602537,3042.3132710626373,34.214277967431016,held at setpoint 34.2%
135,100.0,100.52323744456905,264.1622612771512,184.6545395312226,3049.5702147524753,34.214277967431016,held at setpoint 34.2%
136,100.0,98.07358275711556,264.56942541540246,185.53831158318692,3043.0379685709577,34.214277967431016,held at setpoint 34.2%
137,100.0,97.16273199031407,261.0669800934663,184.0077983649606,3036.933482675233,34.214277967431016,held at setpoint 34.2%
138,100.0,101.17839957524372,263.0856014298616,184.78281180852085,3040.4691023787054,34.214277967431016,held at setpoint 34.2%
139,100.0,99.14899622846318,262.43487899829614,184.74530765036167,3049.2331859963833,34.214277967431016,held at setpoint 34.2%
140,100.0,100.37095323446036,263.8377843687455,186.22406971441268,3024.4725486264274,34.214277967431016,held at setpoint 34.2%
141,100.0,98.69448638230895,264.08137993251097,185.30326391748673,3034.7560165648024,34.214277967431016,held at setpoint 34.2%
142,100.0,97.8102622238063,263.42788153294686,185.11939668295108,3048.96654501643,34.214277967431016,held at setpoint 34.2%
143,100.0,99.15213797523893,263.6748545685547,183.82395338134907,3020.442991565241,34.214277967431016,held at setpoint 34.2%
144,100.0,103.1973566182078,262.8958474651322,185.83448636480847,3044.9676914708807,34.214277967431016,held at setpoint 34.2%
145,100.0,100.4763610568726,265.0655753226921,186.68670022280244,3034.673825606213,34.214277967431016,held at setpoint 34.2%
146,100.0,100.4953099403804,261.92657641537573,185.29826909865648,3043.3050700623658,34.214277967431016,held at setpoint 34.2%
147,100.0,99.586007654029,263.0628170299988,184.5362874257364,3035.6289468706736,34.214277967431016,held at setpoint 34.2%
148,100.0,102.05201131955495,263.26143709242814,184.95424865986874,3027.86910490868,34.214277967431016,held at setpoint 34.2%
149,100.0,101.10451039871293,263.90294040720374,184.75378223769266,3052.4366622879984,34.214277967431016,held at setpoint 34.2%
150,100.0,98.20938099676992,265.0272688824177,185.49299744612213,3024.4398255437636,34.214277967431016,held at setpoint 34.2%
151,100.0,101.22015809402144,265.55448994296387,186.06441425406405,3040.711520730785,34.214277967431016,held at setpoint 34.2%
152,100.0,102.42281708667514,262.1010998232021,185.26971453145038,3023.0887920197074,34.214277967431016,held at setpoint 34.2%
153,100.0,99.9677064888126,263.56751862103476,185.1156089064935,3035.924991615877,34.214277967431016,held at setpoint 34.2%
154,100.0,99.8821463037563,263.70565249856134,185.51194845813504,3048.0311531505454,34.214277967431016,held at setpoint 34.2%
155,100.0,100.56217950695715,265.44658569317323,184.4169646002908,3041.6028424239666,34.214277967431016,held at setpoint 34.2%
156,100.0,101.29540654779662,263.9141913640082,186.99499092398483,3032.3830389498103,34.214277967431016,held at setpoint 34.2%
157,100.0,101.12935910383538,262.3687665928231,184.46727967823324,3029.8618705395793,34.214277967431016,held at setpoint 34.2%
158,100.0,102.80321552516126,264.04797311076464,184.64401246923583,3036.943333407019,34.214277967431016,held at setpoint 34.2%
159,100.0,103.14091128494204,263.04300294920813,185.37193279300658,3027.678421370653,34.214277967431016,held at setpoint 34.2%
160,100.0,100.0343608763711,264.7719756643372,184.3876731386325,3033.9693936445237,34.214277967431016,held at setpoint 34.2%
161,100.0,100.85752713350968,263.21497852009287,184.49564508806864,3036.6410494882252,34.214277967431016,held at setpoint 34.2%
162,100.0,99.30808496179458,262.1321044470773,186.4372787999212,3030.616674480061,34.214277967431016,held at setpoint 34.2%
163,100.0,98.06964760569174,262.72002191886116,184.69141566525315,3029.0987176167896,34.214277967431016,held at setpoint 34.2%
164,100.0,99.66568887697247,264.5469485632091,185.5627522627347,3048.206017278381,34.214277967431016,held at setpoint 34.2%
165,100.0,96.86862227945045,263.00736640394024,184.854629467972,3003.950354959633,34.214277967431016,held at setpoint 34.2%
166,100.0,99.25089615289531,265.7472727283103,184.6139654403275,3031.8586471144977,34.214277967431016,held at setpoint 34.2%
167,100.0,100.47285204924104,261.00328793531247,184.2655587615845,3034.286775994691,34.214277967431016,held at setpoint 34.2%
168,100.0,102.11086815214354,265.65560522979536,184.35147212324776,3031.836015148111,34.214277967431016,held at setpoint 34.2%
169,100.0,99.02079347860438,263.06769368394987,183.2829556847133,3029.6678457003886,34.214277967431016,held at setpoint 34.2%
170,100.0,103.16220930814211,263.9789169347564,185.24821749045876,3030.960582106205,34.214277967431016,held at setpoint 34.2%
171,100.0,101.16306490240348,261.8163482738546,185.86207984874724,3020.6218151262765,34.214277967431016,held at setpoint 34.2%
172,100.0,103.39931625085318,264.64294914021207,185.19566827299678,3026.6133024797055,34.214277967431016,held at setpoint 34.2%
173,100.0,96.36104616585959,263.60709634509175,185.16322396862157,3024.463557583903,34.214277967431016,held at setpoint 34.2%
174,100.0,99.20026767261025,264.3542341397933,185.45225548857906,3020.513239862107,34.214277967431016,held at setpoint 34.2%
175,100.0,100.40828425896595,261.4332269674549,185.8814143723295,3020.0668086403816,34.214277967431016,held at setpoint 34.2%
176,100.0,97.29875074288523,263.86272208557415,185.20465629399465,3038.0243482323876,34.214277967431016,held at setpoint 34.2%
177,100.0,100.32467086766324,261.7721108404129,184.02061788476547,3034.9523046669865,34.214277967431016,held at setpoint 34.2%
178,100.0,100.20066076749227,262.5237193872845,185.6211535596811,3039.181187045038,34.214277967431016,held at setpoint 34.2%
179,100.0,101.8077836691514,263.39292671824984,185.74772514428074,3012.9021872157477,34.214277967431016,held at setpoint 34.2%
180,100.0,99.11038423175629,263.6715516705543,184.31467548453898,3042.1973973350896,34.214277967431016,held at setpoint 34.2%
181,100.0,102.05429318452437,260.78845188680594,184.77685717578038,3007.0796470246,34.214277967431016,held at setpoint 34.2%
182,100.0,101.47593182443346,262.97538843067053,185.7370044872913,3031.3794673104876,34.214277967431016,held at setpoint 34.2%
183,100.0,99.81278949919945,263.57635972804457,186.1251387085327,3027.263975696573,34.214277967431016,held at setpoint 34.2%
184,100.0,102.74785220786733,264.4013748084993,184.34525566567422,3034.9879479574256,34.214277967431016,held at setpoint 34.2%
185,100.0,98.54051997495854,262.38715845369984,183.40270253438962,3007.0259319346364,34.214277967431016,held at setpoint 34.2%
186,100.0,101.77766076428098,263.14886451427014,185.59375405383375,3005.345901855661,34.214277967431016,held at setpoint 34.2%
187,100.0,100.85511034549977,265.0552327257173,186.16093692900282,3017.061860061164,34.214277967431016,held at setpoint 34.2%
188,100.0,101.89682600897454,266.2313060522413,184.72023936332727,3024.920448934017,34.214277967431016,held at setpoint 34.2%
189,100.0,100.99757548051129,263.5721920992822,184.62235354137468,3013.285355255049,34.214277967431016,held at setpoint 34.2%
190,100.0,100.73247935925241,264.72166489841715,185.12375527967419,3019.9854195234716,34.214277967431016,held at setpoint 34.2%
191,100.0,100.98232344885,264.34236874896027,183.38370384894398,3009.7666803491397,34.214277967431016,held at setpoint 34.2%
192,100.0,99.8069828296399,263.3487515935248,185.721456401057,3024.7356120101817,34.214277967431016,held at setpoint 34.2%
193,100.0,101.64303320672171,264.168586271016,184.68690027126448,3004.3399507049826,34.214277967431016,held at setpoint 34.2%
194,100.0,99.37271017045103,265.6227505514937,184.87018158288606,3011.116614794513,34.214277967431016,held at setpoint 34.2%
195,100.0,102.73609748461281,263.9222727294743,184.38245908420603,3014.0621360925925,34.214277967431016,held at setpoint 34.2%
196,100.0,98.78360844261968,261.3775015156172,185.75797352871143,3033.898865002397,34.214277967431016,held at setpoint 34.2%
197,100.0,102.43519900280987,262.10782547572364,184.08883644257364,3025.1281058113295,34.214277967431016,held at setpoint 34.2%
198,100.0,101.3712903360472,264.5658193046357,185.9424421984976,3009.7653063895127,34.214277967431016,held at setpoint 34.2%
199,100.0,103.70024170562294,262.761843123821,186.71102158840736,3015.920743352519,34.214277967431016,held at setpoint 34.2%
